annee,rendement_t_ha
2019,0.73825
2020,0.7157000000000001
2021,0.6744500000000001
2022,0.71315
2023,0.6758
