{
  "mean": [
    0.5088972222222222,
    0.3795725255762755,
    0.2148361111111111,
    4.414397222222223,
    0.4523069444444444,
    0.47126388888888887,
    0.3534638888888888,
    930.9647336111112,
    0.3333333333333333,
    0.3333333333333333,
    0.3333333333333333
  ],
  "scale": [
    0.04869100125685506,
    0.03444098910172688,
    0.031283410164865494,
    0.5910636873402764,
    0.04760905465625573,
    0.04810596609325534,
    0.03913277286414849,
    122.58031106155079,
    0.4714045207910317,
    0.4714045207910317,
    0.4714045207910317
  ],
  "features": [
    "evi_max",
    "evi_mean",
    "evi_min",
    "evi_integral",
    "evi_mean_vg",
    "evi_max_fl",
    "evi_mean_sn",
    "pluie_saison_mm",
    "region_Logone-Occidental",
    "region_Mandoul",
    "region_Moyen-Chari"
  ]
}