annee,reel,predit
2010,0.64555,0.6650222284565065
2011,0.4932999999999999,0.6490694546008733
2013,0.6248499999999999,0.6784795875014904
2014,0.7355999999999999,0.6766971200787587
2015,0.65835,0.6551846188018265
2016,0.71225,0.6735167153037708
2017,0.6956000000000001,0.6461417003815043
2018,0.7432000000000002,0.7630762596481361
2019,0.73825,0.6858319240012879
2021,0.6744500000000001,0.6985282511896487
2023,0.6758000000000001,0.6428151622137063
2024,0.6258,0.6696524914696634
