annee,reel,predit
2010,0.64555,0.6506033333333332
2011,0.4932999999999999,0.6755504999999998
2013,0.6248499999999999,0.6785981666666663
2014,0.7355999999999999,0.6903141666666665
2015,0.65835,0.6844315
2016,0.71225,0.6945911666666668
2017,0.6956000000000001,0.6702078333333334
2018,0.7432000000000002,0.6919023333333331
2019,0.73825,0.6432594999999998
2021,0.6744500000000001,0.6689918333333331
2023,0.6758000000000001,0.6665293333333332
2024,0.6258,0.6586463333333334
